sample_id;prediction
131672_1767670500;0.9027607734277581
131672_1767670800;66.06291397331029
131672_1767671100;88.5110653645745
131672_1767671400;74.63723279595162
134040_1767672000;44.18823491631977
134040_1767672300;39.22602825567652
134040_1767672600;11.925548158100801
134040_1767672900;65.20506348028904
134040_1767673200;92.74237636736456
134040_1767673500;99.82392945435268
122048_1767673800;58.856948829693934
122048_1767674100;40.09613309968467
122048_1767674400;-7.338075235961725
122048_1767674700;-47.2896207346121
122048_1767675000;-32.59215046373899
122048_1767675300;-23.628980497799837
131672_1767675600;-4.264038157333744
131672_1767675900;20.997272518740004
131672_1767676200;15.382006517376183
131672_1767676500;-37.61488207351641
131672_1767676800;-37.25224995789921
131672_1767677100;-11.896013112273312
122658_1767679500;50.18729474727727
122658_1767679800;68.03084888912835
122658_1767680100;70.12770259480739
122658_1767680400;56.03706113251651
122658_1767680700;78.50899512167187
134040_1767684600;1.876153554463226
130238_1767684600;17.00558401916323
130238_1767684900;14.36792457015757
134040_1767684900;-5.210499986500288
134040_1767685200;97.26267879026068
130238_1767685200;21.338746630832127
134040_1767685500;99.11590517109283
130238_1767685500;47.357441838931294
134040_1767685800;83.75958275757134
130238_1767685800;79.66014104029026
130238_1767686100;82.2354829940044
134040_1767686100;51.190476578517945
122658_1767686400;3.6425370398339028
122658_1767686700;9.544425040118645
122658_1767687000;2.599978349132925
122658_1767687300;0.2644004101561109
122658_1767687600;79.90845199430885
122658_1767687900;55.619699853761254
122613_1767690000;11.16009836293316
122613_1767690300;17.761259796758115
122613_1767690600;59.006145459177084
122613_1767690900;76.96536989815874
122613_1767691200;69.70414852722772
122613_1767691500;63.3271009609936
122048_1767695400;-78.09834570468203
122048_1767695700;-111.11653309077607
122048_1767696000;-94.44599200255163
122048_1767696300;-127.46579003492283
122048_1767696600;15.278865080974374
122048_1767696900;-53.35129614672128
133300_1767699000;61.90521458444351
122048_1767699000;-62.326173269521945
133300_1767699300;81.23745686203532
122048_1767699300;-38.05359087956799
122048_1767699600;-18.73981592305708
133300_1767699600;91.2813222686112
122048_1767699900;-64.21507485087152
133300_1767699900;-3.86314876676515
122048_1767700200;-54.31703853719819
133300_1767700200;59.03991566958059
122048_1767700500;-17.9813236403524
133300_1767700500;46.49060625942501
133957_1767700800;-32.77046835030143
133957_1767701100;56.30037237826986
133957_1767701400;41.931669092501124
133957_1767701700;44.87109192814748
133957_1767702000;31.813201713105713
133957_1767702300;24.25997426368994
129964_1767702600;-1.4834799370763811
129964_1767702900;-35.283492930280346
129964_1767703200;-33.990957299940696
129964_1767703500;-36.22573628442336
129964_1767704100;-80.5704815638603
122658_1767706200;198.56261358696898
122658_1767706500;5.743111018189266
122658_1767706800;-2.924791589305079
122658_1767707100;2.948858280768971
122658_1767707400;4.076147897942387
131672_1767709800;75.16442684842137
122048_1767709800;10.18850319563277
131672_1767710100;-25.285124928680204
122048_1767710100;3.0888398664476777
131672_1767710400;3.2949717049672103
122048_1767710400;-94.17482548146276
122048_1767710700;-32.68539473282506
131672_1767710700;-17.646994164060317
131672_1767711000;-47.76960809423472
122048_1767711000;36.00422118730434
122048_1767711300;-2.2423271366641444
131672_1767711300;-73.31229273686257
132430_1767713400;207.2989059098747
133300_1767713400;-1.2650141229143514
132430_1767713700;345.71909123486716
133300_1767713700;-18.218447538022907
133300_1767714000;-1.9506486109869599
132430_1767714000;257.90550478237196
132430_1767714300;224.32111496451336
133300_1767714600;-3.2344122961982134
132430_1767714600;305.43697372192935
132430_1767714900;199.98855484265047
133300_1767714900;38.8926890248154
122048_1767717000;-0.774821422852926
122048_1767717300;-13.788952436052774
122048_1767717600;-13.072725931432995
122613_1767718800;85.49204475129329
132430_1767720000;195.42389470241838
132430_1767720300;203.1068026254595
131672_1767722400;9.81905879231708
131672_1767722700;64.924176549822
131672_1767723000;137.30093761242395
131672_1767723300;235.09670754144975
131672_1767723600;313.0209215351471
131672_1767723900;256.97837650445837
133957_1767724200;163.70321864892696
132430_1767727800;207.9194640187544
132430_1767728100;284.0503290596688
132430_1767728400;203.11628318871468
132430_1767728700;254.63392442070668
132430_1767729000;86.40476113477038
132430_1767729300;119.12282109415955
122048_1767731400;-6.148913896137541
122048_1767731700;9.406359908881349
122048_1767732000;23.56119277503916
122048_1767732300;6.407517841470623
122048_1767732600;7.057033462941031
122048_1767732900;5.908025164251733
134040_1767733200;201.43265265743082
134040_1767733500;226.29764200531974
134040_1767733800;300.4211549648006
134040_1767734100;341.8964057800552
134040_1767734400;388.1017000544081
134040_1767734700;377.9106596546584
130072_1767736800;32.49056054078832
130072_1767737100;34.64668591457812
130072_1767737400;34.43887995496795
130072_1767737700;29.528643998597353
130072_1767738000;25.70074980083639
130072_1767738300;14.216442878109781
130072_1767742200;10.500329131872293
130072_1767742500;25.495781072817397
130072_1767742800;26.812324167806274
130072_1767743100;24.389966739852177
130072_1767743400;19.521203188693274
130072_1767743700;17.969740876318568
